Full Name, Normalized Score
Jifeng Dai,0.0625
Yi Li,0.0625
Kaiming He,0.0625
Jian Sun,0.0625
Kaiwen Duan,0.027777777777777776
Song Bai,0.027777777777777776
Lingxi Xie,0.027777777777777776
Honggang Qi,0.027777777777777776
Qing- ming Huang,0.027777777777777776
Qi Tian,0.027777777777777776
Tao Kong,0.0625
Fuchun Sun,0.0625
Wen-bing Huang,0.0625
Huaping Liu,0.0625
Zhaowei Cai,0.25
Nuno Vasconcelos,0.25
Jiale Cao,0.0625
Yanwei Pang,0.0625
Jungong Han,0.0625
Xuelong Li,0.0625
Hildegard Kuehne,0.04
Hueihan Jhuang,0.04
Est ´ıbaliz Garrote,0.04
Tomaso Poggio,0.04
Thomas Serre,0.04
Moshe Blank,0.04
Lena Gorelick,0.04
Eli Shechtman,0.04
Michal Irani,0.04
Ronen Basri,0.04
Fabian Caba Heilbron,0.0625
Joon-Young Lee,0.0625
Hailin Jin,0.0625
Bernard Ghanem,0.0625
Joao Carreira,0.25
Andrew Zisserman,0.25
Guilhem Cheron,0.1111111111111111
Ivan Laptev,0.1111111111111111
Cordelia Schmid,0.1111111111111111
Andris Ambainis,0.25
Robert ˇSpalek,0.25
Steven H. Adachi,0.25
Maxwell P. Henderson,0.25
Dorit Aharonov,0.027777777777777776
Wim van Dam,0.027777777777777776
Julia Kempe,0.027777777777777776
Zeph Landau,0.027777777777777776
Seth Lloyd,0.027777777777777776
Oded Regev,0.027777777777777776
Geoffrey Hinton,0.1111111111111111
Oriol Vinyals,0.1111111111111111
Jeff Dean,0.1111111111111111
Byeongho Heo,0.027777777777777776
Jeesoo Kim,0.027777777777777776
Sangdoo Yun,0.027777777777777776
Hyojin Park,0.027777777777777776
No-jun Kwak,0.027777777777777776
Jin Young Choi,0.027777777777777776
Xiao Jin,0.015625
Baoyun Peng,0.015625
Yichao Wu,0.015625
Yu Liu,0.015625
Jiaheng Liu,0.015625
Ding Liang,0.015625
Junjie Yan,0.015625
Xiaolin Hu,0.015625
Li Deng,0.008264462809917356
Dong Yu,0.008264462809917356
George Dahl,0.008264462809917356
Abdel-rahman Mohamed,0.008264462809917356
Navdeep Jaitly,0.008264462809917356
Andrew Senior,0.008264462809917356
Vincent Vanhoucke,0.008264462809917356
Patrick Nguyen,0.008264462809917356
Brian Kingsbury,0.008264462809917356
Tara Sainath,0.008264462809917356
James Bergstra,0.1111111111111111
Daniel Yamins,0.1111111111111111
David D. Cox,0.1111111111111111
Georgia Gkioxari,0.0625
Piotr Dollár,0.0625
Ross Girshick,0.0625
MOSEK ApS,1.0
Mathieu Aubry,0.04
Daniel Maturana,0.04
Alexei A Efros,0.04
Bryan C Russell,0.04
Josef Sivic,0.04
Andrew Blake,0.25
Sean Bell,0.1111111111111111
Kavita Bala,0.1111111111111111
Noah Snavely,0.1111111111111111
Full Name,Normalized Score
Jifeng Dai,0.0625
Yi Li,0.0625
Kaiming He,0.0625
Jian Sun,0.0625
Kaiwen Duan,0.027777777777777776
Song Bai,0.027777777777777776
Lingxi Xie,0.027777777777777776
Honggang Qi,0.027777777777777776
Qing- ming Huang,0.027777777777777776
Qi Tian,0.027777777777777776
Tao Kong,0.0625
Fuchun Sun,0.0625
Wen-bing Huang,0.0625
Huaping Liu,0.0625
Zhaowei Cai,0.25
Nuno Vasconcelos,0.25
Jiale Cao,0.0625
Yanwei Pang,0.0625
Jungong Han,0.0625
Xuelong Li,0.0625
Hildegard Kuehne,0.04
Hueihan Jhuang,0.04
Est ´ıbaliz Garrote,0.04
Tomaso Poggio,0.04
Thomas Serre,0.04
Moshe Blank,0.04
Lena Gorelick,0.04
Eli Shechtman,0.04
Michal Irani,0.04
Ronen Basri,0.04
Fabian Caba Heilbron,0.0625
Joon-Young Lee,0.0625
Hailin Jin,0.0625
Bernard Ghanem,0.0625
Joao Carreira,0.25
Andrew Zisserman,0.25
Guilhem Cheron,0.1111111111111111
Ivan Laptev,0.1111111111111111
Cordelia Schmid,0.1111111111111111
Andris Ambainis,0.25
Robert ˇSpalek,0.25
Dorit Aharonov,0.027777777777777776
Wim van Dam,0.027777777777777776
Julia Kempe,0.027777777777777776
Zeph Landau,0.027777777777777776
Seth Lloyd,0.027777777777777776
Oded Regev,0.027777777777777776
Geoffrey Hinton,0.1111111111111111
Oriol Vinyals,0.1111111111111111
Jeff Dean,0.1111111111111111
Byeongho Heo,0.027777777777777776
Jeesoo Kim,0.027777777777777776
Sangdoo Yun,0.027777777777777776
Hyojin Park,0.027777777777777776
No-jun Kwak,0.027777777777777776
Jin Young Choi,0.027777777777777776
Xiao Jin,0.015625
Baoyun Peng,0.015625
Yichao Wu,0.015625
Yu Liu,0.015625
Jiaheng Liu,0.015625
Ding Liang,0.015625
Junjie Yan,0.015625
Xiaolin Hu,0.015625
Li Deng,0.008264462809917356
Dong Yu,0.008264462809917356
George Dahl,0.008264462809917356
Abdel-rahman Mohamed,0.008264462809917356
Navdeep Jaitly,0.008264462809917356
Andrew Senior,0.008264462809917356
Vincent Vanhoucke,0.008264462809917356
Patrick Nguyen,0.008264462809917356
Brian Kingsbury,0.008264462809917356
Tara Sainath,0.008264462809917356
James Bergstra,0.1111111111111111
Daniel Yamins,0.1111111111111111
David D. Cox,0.1111111111111111
Georgia Gkioxari,0.0625
Piotr Dollár,0.0625
Ross Girshick,0.0625
MOSEK ApS,1.0
Mathieu Aubry,0.04
Daniel Maturana,0.04
Alexei A Efros,0.04
Bryan C Russell,0.04
Josef Sivic,0.04
Andrew Blake,0.25
Sean Bell,0.1111111111111111
Kavita Bala,0.1111111111111111
Noah Snavely,0.1111111111111111
Miika Aittala,0.1111111111111111
Tim Weyrich,0.1111111111111111
Jaakko Lehtinen,0.1111111111111111
Fabio M Caputo,0.04
Pietro Prebianca,0.04
Alessandro Carcangiu,0.04
Lucio D Spano,0.04
Andrea Giachetti,0.04
Name1,0.1111111111111111
Name2,0.1111111111111111
Name3,0.1111111111111111
Eshed Ohn-Bar,0.25
Mohan Manubhai Trivedi,0.25
Junwu Weng,0.0625
Mengyuan Liu,0.0625
Xudong Jiang,0.0625
Junsong Yuan,0.0625
Wentao Zhu,0.02040816326530612
Cuiling Lan,0.02040816326530612
Junliang Xing,0.02040816326530612
Wenjun Zeng,0.02040816326530612
Yanghao Li,0.02040816326530612
Li Shen,0.02040816326530612
Xiaohui Xie,0.02040816326530612
Yao-Hung Hubert Tsai,0.1111111111111111
Liang-Kang Huang,0.1111111111111111
Ruslan Salakhutdinov,0.1111111111111111
Yongqin Xian,0.0625
Tobias Lorenz,0.0625
Bernt Schiele,0.0625
Zeynep Akata,0.0625
Florent Perronnin,0.0625
Zaid Harchaoui,0.0625
Scott Reed,0.04
Daniel Walter,0.04
Honglak Lee,0.04
Debasmit Das,0.25
C Lee,0.25
Jiankang Deng,0.0625
Qingshan Liu,0.0625
Jing Yang,0.0625
Dacheng Tao,0.0625
Martin Koestinger,0.0625
Paul Wohlhart,0.0625
Peter M Roth,0.0625
Horst Bischof,0.0625
Jinpeng Lin,0.027777777777777776
Hao Yang,0.027777777777777776
Dong Chen,0.027777777777777776
Ming Zeng,0.027777777777777776
Fang Wen,0.027777777777777776
Lu Yuan,0.027777777777777776
Hongyu Pan,0.0625
Hu Han,0.0625
Shiguang Shan,0.0625
Xilin Chen,0.0625
Kaihua Zhang,0.0625
Liu H,0.1111111111111111
Chen T,0.1111111111111111
Guo P,0.1111111111111111
Wallace G K,1.0
Ball ´e J,0.1111111111111111
Laparra V,0.1111111111111111
Simoncelli E P,0.1111111111111111
Mikhail Postnikov,1.0
Thomas Fletcher,0.0625
Conglin Lu,0.0625
Stephen M Pizer,0.0625
Sarang Joshi,0.0625
Shuhan Chen,0.0625
Xiuli Tan,0.0625
Ben Wang,0.0625
Xuelong Hu,0.0625
Paul L Rosin,0.25
Yu-Kun Lai,0.25
Tiantian Wang,0.02040816326530612
Lihe Zhang,0.02040816326530612
Shuo Wang,0.02040816326530612
Huchuan Lu,0.02040816326530612
Gang Yang,0.02040816326530612
Xiang Ruan,0.02040816326530612
Ali Borji,0.02040816326530612
Ping Luo,0.1111111111111111
Xiaogang Wang,0.1111111111111111
Xiaoou Tang,0.1111111111111111
Son Lam Phung,0.1111111111111111
Abdesselam Bouzerdoum,0.1111111111111111
Douglas Chai,0.1111111111111111
Tsung-Shian Huang,0.04
Wen-Chieh Lin,0.04
Jung-Hong Chuang,0.04
Tsung-Ying Lin,0.04
Yu-Ting Tsai,0.04
Juergen Gall,0.04
Silvia Zufﬁ,0.04
Michael J Black,0.04
Sahar Kazemzadeh,0.0625
Vicente Ordonez,0.0625
Mark Matten,0.0625
Tamara Berg,0.0625
Rodney LaLonde,0.25
Ulas Bagci,0.25
Zhenyang Li,0.04
Ran Tao,0.04
Efstratios Gavves,0.04
Cees GM Snoek,0.04
Arnold WM Smeulders,0.04
Stanislaw Antol,0.02040816326530612
Aishwarya Agrawal,0.02040816326530612
Jiasen Lu,0.02040816326530612
Margaret Mitchell,0.02040816326530612
Dhruv Batra,0.02040816326530612
C Lawrence Zitnick,0.02040816326530612
Devi Parikh,0.02040816326530612
Phillip Isola,0.0625
Jun-Yan Zhu,0.0625
Tinghui Zhou,0.0625
Alexei A. Efros,0.0625
Amjad Almahairi,0.04
Sai Rajeswar,0.04
Alessandro Sordoni,0.04
Philip Bachman,0.04
Aaron C. Courville,0.04
Sagie Benaim,0.25
Lior Wolf,0.25
Jacob Devlin,0.0625
Ming-Wei Chang,0.0625
Kenton Lee,0.0625
Kristina Toutanova,0.0625
Jacob Andreas,0.0625
Marcus Rohrbach,0.0625
Trevor Darrell,0.0625
Dan Klein,0.0625
Sepp Hochreiter,0.25
J ¨urgen Schmidhuber,0.25
Ronghang Hu,0.04
Kate Saenko,0.04
Xiaozhi Chen,0.04
Huimin Ma 0001,0.04
Ji Wan,0.04
Bo Li 0018,0.04
Tian Xia,0.04
Loic Landrieu,0.25
Martin Simonovsky,0.25
Bin Yang 0021,0.1111111111111111
Wenjie Luo 0002,0.1111111111111111
Raquel Urtasun,0.1111111111111111
Yin Bi,0.04
Aaron Chadha,0.04
Alhabib Abbas,0.04
Eirina Bourtsoulatze,0.04
Yiannis Andreopoulos,0.04
Gerald C Holst,1.0
Xiangui Kang,0.0625
Matthew C Stamm,0.0625
Anjie Peng,0.0625
KJ Ray Liu,0.0625
Kostadin Dabov,0.0625
Alessandro Foi,0.0625
Vladimir Katkovnik,0.0625
Karen Egiazarian,0.0625
Abdelrahman Abdelhamed,0.1111111111111111
Stephen Lin 0001,0.1111111111111111
Michael S. Brown,0.1111111111111111
Martin Bujnak,0.1111111111111111
Zuzana Kukelova,0.1111111111111111
Tomas Pajdla,0.1111111111111111
John F. Canny,0.25
Ioannis Z. Emiris,0.25
Ond ˇrej Chum,0.1111111111111111
Ji ˇr´ı Matas,0.1111111111111111
Josef Kittler,0.1111111111111111
Viktor Larsson,0.1111111111111111
Yinqiang Zheng,0.1111111111111111
Alessandro Achille,0.015625
Michael Lam,0.015625
Rahul Tewari,0.015625
Avinash Ravichandran,0.015625
Subhransu Maji,0.015625
Charless C Fowlkes,0.015625
Stefano Soatto,0.015625
Pietro Perona,0.015625
R 'emi Bardenet,0.0625
M 'aty 'as Brendel,0.0625
Bal 'azs K 'egl,0.0625
Michele Sebag,0.0625
Yoshua Bengio,0.25
Lukas Bossard,0.1111111111111111
Matthieu Guillaumin,0.1111111111111111
Luc Van Gool,0.1111111111111111
Wei Chen,0.04
Tie-Yan Liu,0.04
Yanyan Lan,0.04
Zhi-Ming Ma,0.04
Hang Li,0.04
Sriharsha Koundinya,0.015625
Himanshu Sharma,0.015625
Manoj Sharma,0.015625
Avinash Upadhyay,0.015625
Raunak Manekar,0.015625
Rudrabha Mukhopadhyay,0.015625
Abhijit Karmakar,0.015625
Santanu Chaudhury,0.015625
Hyeokhyen Kwon,0.25
Yu-Wing Tai,0.25
Jiaojiao Li,0.0625
Qian Du,0.0625
Yunsong Li,0.0625
Wei Li,0.0625
Tarek Stiebel,0.0625
Simon Koppers,0.0625
Philipp Seltsam,0.0625
Dorit Merhof,0.0625
Ying Fu,0.04
Tao Zhang,0.04
Debing Zhang,0.04
Hua Huang,0.04
Angel X. Chang,0.005917159763313609
Thomas A. Funkhouser,0.005917159763313609
Leonidas J. Guibas,0.005917159763313609
Pat Hanrahan,0.005917159763313609
Qi-Xing Huang,0.005917159763313609
Zimo Li,0.005917159763313609
Silvio Savarese,0.005917159763313609
Manolis Savva,0.005917159763313609
Shuran Song,0.005917159763313609
Hao Su 0001,0.005917159763313609
Jianxiong Xiao,0.005917159763313609
Li Yi 0001,0.005917159763313609
Fisher Yu 0001,0.005917159763313609
Zheng Shou 0001,0.02040816326530612
Xudong Lin 0003,0.02040816326530612
Yannis Kalantidis,0.02040816326530612
Laura Sevilla-Lara,0.02040816326530612
Shih-Fu Chang,0.02040816326530612
Zhicheng Yan 0001,0.02040816326530612
Heng Wang,0.0625
Du Tran,0.0625
Lorenzo Torresani,0.0625
Matt Feiszli,0.0625
Yann A LeCun,0.0625
L ´eon Bottou,0.0625
Genevieve B Orr,0.0625
Klaus- Robert M ¨uller,0.0625
John Doe,1.0
Liang-Chieh Chen,0.04
George Papandreou,0.04
Iasonas Kokkinos,0.04
Kevin Murphy,0.04
Alan L Yuille,0.04
Chesapeake Conservancy,1.0
Rameen Abdal,0.1111111111111111
Yipeng Qin,0.1111111111111111
Peter Wonka,0.1111111111111111
Michael Albright,0.25
Scott McCloskey,0.25
Carl Bergstrom,0.25
Jevin West,0.25
Haozhi Qi,0.02040816326530612
Yuwen Xiong,0.02040816326530612
Guodong Zhang,0.02040816326530612
Han Hu,0.02040816326530612
Yichen Wei,0.02040816326530612
Wenbing Huang,0.0625
Joseph Redmon,0.25
Ali Farhadi,0.25
Yousong Zhu,0.027777777777777776
Chaoyang Zhao,0.027777777777777776
Jinqiao Wang,0.027777777777777776
Xu Zhao,0.027777777777777776
Yi Wu,0.027777777777777776
Hanqing Lu,0.027777777777777776
Jiangmiao Pang,0.027777777777777776
Kai Chen,0.027777777777777776
Jianping Shi,0.027777777777777776
Huajun Feng,0.027777777777777776
Wanli Ouyang,0.027777777777777776
Dahua Lin,0.027777777777777776
Andrej Karpathy,0.25
Fei-Fei Li,0.25
Tsung-Yi Lin,0.015625
Michael Maire,0.015625
Serge J. Belongie,0.015625
James Hays,0.015625
Deva Ramanan,0.015625
C. Lawrence Zitnick,0.015625
Liwei Wang,0.1111111111111111
Yin Li,0.1111111111111111
Svetlana Lazebnik,0.1111111111111111
Markus Oberweger,0.1111111111111111
Vincent Lepetit,0.1111111111111111
Guillermo Garcia-Hernando,0.0625
Shanxin Yuan,0.0625
Seungryul Baek,0.0625
Tae-Kyun Kim,0.0625
Yujun Cai,0.02040816326530612
Liuhao Ge,0.02040816326530612
Jun Liu,0.02040816326530612
Jianfei Cai,0.02040816326530612
Tat-Jen Cham,0.02040816326530612
Nadia Magnenat Thalmann,0.02040816326530612
Chiho Choi,0.0625
Sang Ho Yoon,0.0625
Chin-Ning Chen,0.0625
Karthik Ramani,0.0625
Hany Farid,0.25
Edward H. Adelson,0.25
Justin Johnson,0.1111111111111111
Alexandre Alahi,0.1111111111111111
Li Fei-Fei,0.1111111111111111
Nikolaos Arvanitopoulos,0.1111111111111111
Radhakrishna Achanta,0.1111111111111111
Sabine Susstrunk,0.1111111111111111
Charles R Qi,0.0625
Hao Su,0.0625
Kaichun Mo,0.0625
Leonidas J Guibas,0.0625
Charles Ruizhongtai Qi,0.0625
Li Yi,0.0625
Hugues Thomas,0.027777777777777776
Charles R. Qi,0.027777777777777776
Jean-Emmanuel Deschaud,0.027777777777777776
Beatriz Marcotegui,0.027777777777777776
François Goulette,0.027777777777777776
Alexey Dosovitskiy,0.04
Philipp Fischer,0.04
Jost Tobias Springen-berg,0.04
Martin Riedmiller,0.04
Thomas Brox,0.04
Spyros Gidaris,0.1111111111111111
Praveer Singh,0.1111111111111111
Nikos Komodakis,0.1111111111111111
Haodong Li,0.0625
Bin Li,0.0625
Shunquan Tan,0.0625
Jiwu Huang,0.0625
Darius Afchar,0.0625
Vincent Nozick,0.0625
Junichi Yamagishi,0.0625
Isao Echizen,0.0625
Belhassen Bayar,0.25
Bolin Chen,0.1111111111111111
Weiqi Luo,0.1111111111111111
Christoph H Lampert,0.1111111111111111
Hannes Nickisch,0.1111111111111111
Stefan Harmeling,0.1111111111111111
Rahman Shaﬁn,0.1111111111111111
Khan Salman,0.1111111111111111
Barnes Nick,0.1111111111111111
Yu Fisher,0.1111111111111111
Koltun Vladlen,0.1111111111111111
Thomas Funkhouser,0.1111111111111111
Bansal Ankan,0.04
Sikka Karan,0.04
Sharma Gaurav,0.04
Chellappa Rama,0.04
Divakaran Ajay,0.04
UN General Assembly,1.0
Flavio Calmon,0.04
Dennis Wei,0.04
Bhanukiran Vinzamuri,0.04
Karthikeyan Natesan Ramamurthy,0.04
Kush R Varshney,0.04
Bingyu Liu,0.02040816326530612
Weihong Deng,0.02040816326530612
Yaoyao Zhong,0.02040816326530612
Mei Wang,0.02040816326530612
Jiani Hu,0.02040816326530612
Xunqiang Tao,0.02040816326530612
Yaohai Huang,0.02040816326530612
Asem Othman,0.25
Arun Ross,0.25
Chen Chen 0003,0.0625
Qifeng Chen,0.0625
Minh N. Do,0.0625
Vladlen Koltun,0.0625
Mejdi Trimeche,0.0625
Roberto Costantini,0.25
Markku Makitalo,0.25
David González,0.0625
Joshué Pérez,0.0625
Vicente Milanés Montero,0.0625
Fawzi Nashashibi,0.0625
Yeping Hu,0.1111111111111111
Wei Zhan,0.1111111111111111
Masayoshi Tomizuka,0.1111111111111111
Yuke Li,1.0
Yuexin Ma,0.027777777777777776
Xinge Zhu,0.027777777777777776
Sibo Zhang,0.027777777777777776
Ruigang Yang,0.027777777777777776
Wen- ping Wang,0.027777777777777776
Dinesh Manocha,0.027777777777777776
Osama Makansi,0.0625
Eddy Ilg,0.0625
Ozgun Cicek,0.0625
Mario Bertero,0.25
Patrizia Boccacci,0.25
Stephen Boyd,0.04
Neal Parikh,0.04
Eric Chu,0.04
Borja Peleato,0.04
Jonathan Eckstein,0.04
Chao Dong,0.0625
Chen Change Loy,0.0625
Ruicheng Feng,0.0625
Jinjin Gu,0.0625
Yu Qiao,0.0625
Jin-Hwa Kim,0.027777777777777776
Kyoung-Woon On,0.027777777777777776
Woosang Lim,0.027777777777777776
Jeonghee Kim,0.027777777777777776
Jung-Woo Ha,0.027777777777777776
Byoung-Tak Zhang,0.027777777777777776
Will Kay,0.01
Karen Simonyan,0.01
Brian Zhang,0.01
Chloe Hillier,0.01
Sudheendra Vijayanarasimhan,0.01
Fabio Viola,0.01
Tim Green,0.01
Trevor Back,0.01
Paul Natsev,0.01
Zhou Yu,0.0625
Jun Yu,0.0625
Jianping Fan,0.0625
Sami Abu-El-Haija,0.02040816326530612
Nisarg Kothari,0.02040816326530612
Joonseok Lee,0.02040816326530612
George Toderici,0.02040816326530612
Balakrishnan Varadarajan,0.02040816326530612
André Anjos,0.1111111111111111
Murali Mohan Chakka,0.1111111111111111
Sébastien Marcel,0.1111111111111111
Klaus Kollreider,0.0625
Hartwig Fronthaler,0.0625
Maycel Isaac Faraj,0.0625
Josef Bigun,0.0625
Jia Guo,0.0625
Niannan Xue,0.0625
Stefanos Zafeiriou,0.0625
Rajeev Ranjan,0.1111111111111111
Carlos D Castillo,0.1111111111111111
Rama Chellappa,0.1111111111111111
Ramprasaath R Selvaraju,0.027777777777777776
Michael Cogswell,0.027777777777777776
Abhishek Das,0.027777777777777776
Ramakrishna Vedantam,0.027777777777777776
Guido Gerig,0.04
Martin Styner,0.04
D Jones,0.04
Daniel Weinberger,0.04
Jeffrey Lieberman,0.04
Marco Agus,0.012345679012345678
Maria Veloz Castillo,0.012345679012345678
Javier F. Garnica Molina,0.012345679012345678
Enrico Gobbetti,0.012345679012345678
Heikki Lehväslaiho,0.012345679012345678
A. Tapia Morales,0.012345679012345678
Pierre J. Magistretti,0.012345679012345678
Markus Hadwiger,0.012345679012345678
Corrado Calì,0.012345679012345678
Salah Althloothi,0.1111111111111111
Mohammad H Mahoor,0.1111111111111111
Richard M V oyles,0.1111111111111111
Alexander I Bobenko,0.25
Peter Schr ¨oder,0.25
Mario Bijelic,0.1111111111111111
Tobias Gruber,0.1111111111111111
Werner Ritter,0.1111111111111111
Lakshmikar R. Polamreddy,0.01
Youshan Zhang,0.01
Gabriel J. Brostow,0.0625
Jamie Shotton,0.0625
Julien Fauqueur,0.0625
Roberto Cipolla,0.0625
Rudrasis Chakraborty,0.0625
Jose Bouza,0.0625
Jonathan Manton,0.0625
Baba C Vemuri,0.0625
Greg M Fleishman,0.027777777777777776
P Thomas Fletcher,0.027777777777777776
Boris A Gutman,0.027777777777777776
Gautam Prasad,0.027777777777777776
Yingnian Wu,0.027777777777777776
Paul M Thompson,0.027777777777777776
Vincent Arsigny,0.0625
Pierre Fillard,0.0625
Xavier Pennec,0.0625
Nicholas Ayache,0.0625
Yizhak Ben-Shabat,0.1111111111111111
Michael Lindenbaum,0.1111111111111111
Anath Fischer,0.1111111111111111
Bing Jian,0.25
Panos Achlioptas,0.0625
Olga Diamanti,0.0625
Ioannis Mitliagkas,0.0625
Leonidas Guibas,0.0625
Dror Aiger,0.1111111111111111
Niloy J Mitra,0.1111111111111111
Daniel Cohen-Or,0.1111111111111111
Yasuhiro Aoki,0.0625
Hunter Goforth,0.0625
Rangaprasad Arun Srivat-san,0.0625
Simon Lucey,0.0625
Sergey Ioffe,0.25
Christian Szegedy,0.25
Justin Johnson 0001,0.1111111111111111
Li Fei-Fei 0001,0.1111111111111111
Yong Du,0.1111111111111111
Yun Fu,0.1111111111111111
Liang Wang,0.1111111111111111
Wei Wang,0.1111111111111111
Tong He,0.027777777777777776
Zhi Zhang,0.027777777777777776
Hang Zhang,0.027777777777777776
Zhongyue Zhang,0.027777777777777776
Jun- yuan Xie,0.027777777777777776
Mu Li,0.027777777777777776
Qiuhong Ke,0.04
Mohammed Bennamoun,0.04
Senjian An,0.04
Ferdous Sohel,0.04
Farid Boussaid,0.04
Amir Shahroudy,0.027777777777777776
Mauricio Lisboa Perez,0.027777777777777776
Gang Wang,0.027777777777777776
Ling-Yu Duan,0.027777777777777776
Alex Kot Chichung,0.027777777777777776
Alexandre Boulch,0.1111111111111111
Bertrand Le Saux,0.1111111111111111
Nicolas Audebert,0.1111111111111111
Andreas Geiger,0.1111111111111111
Philip Lenz,0.1111111111111111
Matthias Nießner,0.027777777777777776
Angela Dai,0.027777777777777776
Mengyuan Yan,0.027777777777777776
Qingyong Hu,0.015625
Bo Yang,0.015625
Linhai Xie,0.015625
Stefano Rosa,0.015625
Yulan Guo,0.015625
Zhihua Wang,0.015625
Niki Trigoni,0.015625
Andrew Markham,0.015625
Piotr Dollar,0.0625
Diederik P Kingma,0.25
Jimmy Ba,0.25
Minghui Liao,0.04
Baoguang Shi,0.04
Xiang Bai,0.04
Xinggang Wang,0.04
Wenyu Liu,0.04
An-An Liu,0.0625
Yu-Ting Su,0.0625
Wei-Zhi Nie,0.0625
Mohan Kankan-halli,0.0625
Martin Rünz,0.1111111111111111
Maud Bufﬁer,0.1111111111111111
Lourdes Agapito,0.1111111111111111
Marc Alexa,0.027777777777777776
Johannes Behr,0.027777777777777776
Shachar Fleishman,0.027777777777777776
David Levin,0.027777777777777776
Cláudio T. Silva,0.027777777777777776
Fatih Calakli,0.25
Gabriel Taubin,0.25
Daniel Cremers,0.25
Kalin Kolev,0.25
Brian Curless,0.25
Marc Levoy,0.25
Sakari Alenius,0.0625
Dongwei Ren,0.04
Wangmeng Zuo,0.04
Qinghua Hu,0.04
Pengfei Zhu,0.04
Deyu Meng,0.04
Hossein Talebi,0.25
Peyman Milanfar,0.25
Stephen Lin,0.1111111111111111
Michael S Brown,0.1111111111111111
Radu Timofte,0.1111111111111111
Martin Roser,0.1111111111111111
Julian Kurz,0.1111111111111111
Yochai Blau,0.25
Tomer Michaeli,0.25
Andrés Bruhn,0.0625
Nils Papenberg,0.0625
Joachim Weickert,0.0625
Christoph Schnörr,0.1111111111111111
Xiangyu Zhang,0.0625
Shaoqing Ren,0.0625
Won-Dong Jang,0.25
Chang-Su Kim,0.25
Emanuel Laude,0.015625
Jan-Hendrik Lange,0.015625
Jonas Schüpfer,0.015625
Csaba Domokos,0.015625
Laura Leal-Taixé,0.015625
Frank R. Schmidt,0.015625
Bjoern Andres,0.015625
Ilya Loshchilov,0.25
Frank Hutter,0.25
Geoffrey E. Hinton,0.25
Richard S. Zemel,0.25
Syed Husain,0.25
Miroslaw Bober,0.25
Gr ´egoire Montavon,0.04
Sebastian Lapuschkin,0.04
Alexander Binder,0.04
Wojciech Samek,0.04
Klaus-Robert M ¨uller,0.04
Relja Arandjelović,0.04
Petr Gronat,0.04
Akihiko Torii,0.04
Tomás Pa- jdla,0.04
Rich Caruana,1.0
Daniel DeTone,0.1111111111111111
Tomasz Malisiewicz,0.1111111111111111
Andrew Rabi-novich,0.1111111111111111
Farzan Erlik Nowruzi,0.1111111111111111
Robert Laganiere,0.1111111111111111
Nathalie Jap- kowicz,0.1111111111111111
Shuaicheng Liu,0.0625
Ping Tan,0.0625
Simon Baker,0.25
Iain Matthews,0.25
Guanying Chen,0.04
Kai Han,0.04
Boxin Shi,0.04
Yasuyuki Matsushita,0.04
Kwan-Yee K Wong,0.04
Abhishek Kar,0.1111111111111111
Christian H ¨ane,0.1111111111111111
Jitendra Malik,0.1111111111111111
Brian Karis,0.25
Epic Games,0.25
Shunsuke Saito,0.027777777777777776
Zeng Huang,0.027777777777777776
Ryota Natsume,0.027777777777777776
Shigeo Mor- ishima,0.027777777777777776
Angjoo Kanazawa,0.027777777777777776
Hao Li,0.027777777777777776
Sunghoon Im,0.0625
Hae-Gon Jeon,0.0625
In So Kweon,0.0625
Zenglin Shi,0.02040816326530612
Le Zhang,0.02040816326530612
Yun Liu,0.02040816326530612
Xiaofeng Cao,0.02040816326530612
Yangdong Ye,0.02040816326530612
Mingming Cheng,0.02040816326530612
Guoyan Zheng,0.02040816326530612
Paulo Almeida,0.04
Luiz S Oliveira,0.04
Alceu De Souza Britto,0.04
Eu- nelson J Silva,0.04
Alessandro L Koerich,0.04
Zhang Anran,0.02040816326530612
Yue Lei,0.02040816326530612
Shen Jiayi,0.02040816326530612
Zhu Fan,0.02040816326530612
Zhen Xiantong,0.02040816326530612
Cao Xianbin,0.02040816326530612
Shao Ling,0.02040816326530612
David Bau,0.04
Bolei Zhou,0.04
Aditya Khosla,0.04
Aude Oliva,0.04
Antonio Torralba,0.04
Xinkun Cao,0.0625
Zhipeng Wang,0.0625
Yanyun Zhao,0.0625
Fei Su,0.0625
Ahmed Abobakr,0.1111111111111111
Mohammed Hossny,0.1111111111111111
Saeid Nahavandi,0.1111111111111111
Rachit Dubey,0.1111111111111111
Bingbing Ni,0.1111111111111111
Pierre Moulin,0.1111111111111111
Michael Harville,0.25
Dalong Li,0.25
Jamie Ray,0.027777777777777776
Yann LeCun,0.027777777777777776
Manohar Paluri,0.027777777777777776
Ioannis Alexiou,0.1111111111111111
Tao Xiang,0.1111111111111111
Shaogang Gong,0.1111111111111111
Yunjey Choi,0.027777777777777776
Minje Choi,0.027777777777777776
Munyoung Kim,0.027777777777777776
Sunghun Kim,0.027777777777777776
Jaegul Choo,0.027777777777777776
Savage Interactive,1.0
Biao Jia,0.04
Jonathan Brandt,0.04
Radom ´ır Mech,0.04
Byungmoon Kim,0.04
Rahaf Aljundi,0.04
Francesca Babiloni,0.04
Mohamed Elhoseiny,0.04
Tinne Tuytelaars,0.04
Eden Belouadah,0.25
Adrian Popescu,0.25
Andrew Brock,0.1111111111111111
Jeff Donahuey,0.1111111111111111
Arslan Chaudhry,0.0625
Puneet K Dokania,0.0625
Thalaiyasingam Ajan-than,0.0625
Philip HS Torr,0.0625
Marc’Aurelio Ranzato,0.0625
Matthieu Courbariaux,0.1111111111111111
Jean-Pierre David,0.1111111111111111
Philipp Gysel,0.0625
Jon Pimentel,0.0625
Mohammad Motamedi,0.0625
Soheil Ghiasi,0.0625
Benoit Jacob,0.04
Skirmantas Kligys,0.04
Bo Chen 0019,0.04
Menglong Zhu,0.04
Matthew Tang,0.04
Andrew G. Howard,0.04
Hartwig Adam,0.04
Dmitry Kalenichenko,0.04
Hamed F Langroudi,0.0625
Zachariah Carmichael,0.0625
David Pas-tuch,0.0625
Dhireesha Kudithipudi,0.0625
Seyed HF Langroudi,0.1111111111111111
Tej Pandit,0.1111111111111111
Brian Amberg,0.1111111111111111
Sami Romdhani,0.1111111111111111
Thomas Vetter,0.1111111111111111
Stirling,1.0
Antonio Agudo,0.25
Francesc Moreno-Noguer,0.25
Ijaz Akhter,0.1111111111111111
Yaser Sheikh,0.1111111111111111
Sohaib Khan,0.1111111111111111
Jiwon Kim,0.1111111111111111
Jung Kwon Lee,0.1111111111111111
Kyoung Mu Lee,0.1111111111111111
Stephen T Barnard,0.25
Martin A Fischler,0.25
Tao Dai,0.04
Jianrui Cai,0.04
Yongbing Zhang,0.04
Shu-Tao Xia,0.04
Lei Zhang,0.04
Xavier Gastaldi,1.0
Jane Smith,0.25
Golnaz Ghiasi,0.1111111111111111
Quoc V Le,0.1111111111111111
Andrew M McDonald,0.1111111111111111
Massimiliano Pontil,0.1111111111111111
Dimitris Stamos,0.1111111111111111
Benjamin David Haeffele,0.25
Ren ´e Vidal,0.25
Zhe Cao,0.0625
Tomas Simon,0.0625
Shih-En Wei,0.0625
Sepehr MohaimenianPour,0.25
Richard Vaughan,0.25
Samuli Laine,0.25
Timo Aila,0.25
Minghan Li,0.02040816326530612
Qi Xie,0.02040816326530612
Qian Zhao,0.02040816326530612
Wei Wei,0.02040816326530612
Shuhang Gu,0.02040816326530612
Jing Tao,0.02040816326530612
Pablo Arbelaez,0.0625
Charless Fowlkes,0.0625
Ji-tendra Malik,0.0625
H S Bhadauria,0.25
M L Dewal,0.25
Yi-Lei Chen,0.25
Chiou-Ting Hsu,0.25
Wei-Yu Chen,0.04
Yen-Cheng Liu,0.04
Zsolt Kira,0.04
Yu-Chiang Wang,0.04
Jia-Bin Huang,0.04
Armand Joulin,0.1111111111111111
Francis Bach,0.1111111111111111
Jean Ponce,0.1111111111111111
Chi Zhang,0.04
Guosheng Lin,0.04
Fayao Liu,0.04
Rui Yao,0.04
Chunhua Shen,0.04
Chao Peng,0.04
Gang Yu,0.04
Guiming Luo,0.04
Hong Chen,0.1111111111111111
Yifei Huang,0.1111111111111111
Hideki Nakayama,0.1111111111111111
Xiang Wu,0.0625
Ran He,0.0625
Zhenan Sun,0.0625
Tieniu Tan,0.0625
Aayush Bansal,0.0625
Shugao Ma,0.0625
Ian Goodfellow,0.015625
Jean Pouget-Abadie,0.015625
Mehdi Mirza,0.015625
Bing Xu,0.015625
David Warde-Farley,0.015625
Sherjil Ozair,0.015625
Aaron Courville,0.015625
Han Cai,0.1111111111111111
Ligeng Zhu,0.1111111111111111
Song Han,0.1111111111111111
Renato Negrinho,0.25
Geoff Gordon,0.25
Asaf Noy,0.015625
Niv Nayman,0.015625
Tal Ridnik,0.015625
Nadav Zamir,0.015625
Sivan Doveh,0.015625
Itamar Friedman,0.015625
Raja Giryes,0.015625
Lihi Zelnik- Manor,0.015625
Vijay Badrinarayanan,0.1111111111111111
Alex Kendall,0.1111111111111111
Afouras,1.0
Marius Cordts,0.012345679012345678
Mohamed Omran,0.012345679012345678
Sebastian Ramos,0.012345679012345678
Timo Rehfeld,0.012345679012345678
Markus Enzweiler,0.012345679012345678
Rodrigo Benenson,0.012345679012345678
Uwe Franke,0.012345679012345678
Stefan Roth,0.012345679012345678
Jia-Wang Bian,0.02040816326530612
Zhichao Li,0.02040816326530612
Naiyan Wang,0.02040816326530612
Huangying Zhan,0.02040816326530612
Ming-Ming Cheng,0.02040816326530612
Ian Reid,0.02040816326530612
Michael Bloesch,0.04
Jan Czarnowski,0.04
Ronald Clark,0.04
Stefan Leutenegger,0.04
Andrew J Davison,0.04
Sammy Omari,0.0625
Marco Hutter,0.0625
Roland Siegwart,0.0625
Gary R. Bradski,1.0
Satoshi Iizuka,0.1111111111111111
Edgar Simo-Serra,0.1111111111111111
Hiroshi Ishikawa,0.1111111111111111
Martin Arjovsky,0.1111111111111111
Soumith Chintala,0.1111111111111111
Angel X Chang,0.01
Qixing Huang,0.01
Jia Deng,0.027777777777777776
Wei Dong,0.027777777777777776
Richard Socher,0.027777777777777776
Li-Jia Li,0.027777777777777776
Kai Li,0.027777777777777776
Abhijit Kundu,0.1111111111111111
James M Rehg,0.1111111111111111
David Arthur,0.25
Sergei Vassilvitskii,0.25
Huimin Ma,0.04
Bo Li,0.04
Matan Atzmon,0.1111111111111111
Haggai Maron,0.1111111111111111
Yaron Lipman,0.1111111111111111
Federica Bogo,0.0625
Javier Romero 0002,0.0625
Matthew Loper,0.0625
Michael J. Black,0.0625
Davide Boscaini,0.0625
Jonathan Masci,0.0625
Emanuele Rodol `a,0.0625
Michael Bronstein,0.0625
Max Budninskiy,0.04
Gloria Yin,0.04
Leman Feng,0.04
Yiying Tong,0.04
Mathieu Desbrun,0.04
Raia Hadsell,0.1111111111111111
Sumit Chopra,0.1111111111111111
Elad Hoffer,0.25
Nir Ailon,0.25
Pablo Arbeláez,0.0625
Charless C. Fowlkes,0.0625
Ali Furkan Biten,0.0625
Lluis Gomez,0.0625
Marcal Rusinol,0.0625
Di- mosthenis Karatzas,0.0625
Yann N. Dauphin,0.0625
Angela Fan,0.0625
Michael Auli,0.0625
David Grangier,0.0625
Dianqi Li,0.04
Qiuyuan Huang,0.04
Xiaodong He,0.04
Ming-Ting Sun,0.04
Peter Anderson,0.02040816326530612
Chris Buehler,0.02040816326530612
Damien Teney,0.02040816326530612
Mark Johnson,0.02040816326530612
Stephen Gould,0.02040816326530612
De-An Huang,0.0625
Joseph J Lim,0.0625
Juan Carlos Niebles,0.0625
Jean-Baptiste Alayrac,0.027777777777777776
Piotr Bojanowski,0.027777777777777776
Nishant Agrawal,0.027777777777777776
Simon Lacoste-Julien,0.027777777777777776
Relja Arandjelovic,0.04
Tomas Pa- jdla,0.04
Damian Borth,0.04
Rongrong Ji,0.04
Tao Chen,0.04
Thomas Breuel,0.04
Kuang-chih Lee,0.0625
Dragomir Anguelov,0.0625
Baris Sumengen,0.0625
Salih Burak Gokturk,0.0625
Jie Shen,0.027777777777777776
Grigoris G Chrysos,0.027777777777777776
Jean Kos-saiﬁ,0.027777777777777776
Georgios Tzimiropoulos,0.027777777777777776
Maja Pantic,0.027777777777777776
Victor do Nascimento Silva,0.25
Luiz Chaimowicz,0.25
Benjamin Klein,0.0625
Guy Lev,0.0625
Gil Sadeh,0.0625
Serge Belongie,0.015625
Piotr Doll ´ar,0.015625
Lyujian Lu,0.027777777777777776
Hua Wang,0.027777777777777776
Xiaohui Yao,0.027777777777777776
Shannon Risacher,0.027777777777777776
Andrew Saykin,0.027777777777777776
Feiping Nie,0.0625
Heng Huang,0.0625
Chris Ding,0.0625
Cynthia M Stonnington,0.02040816326530612
Carlton Chu,0.02040816326530612
Stefan Kl ¨oppel,0.02040816326530612
Clifford R Jack Jr,0.02040816326530612
John Ashburner,0.02040816326530612
Richard SJ Frackowiak,0.02040816326530612
Alzheimer Disease Neuroimaging Initiative,0.02040816326530612
Andrew J Saykin,0.02040816326530612
Antreas Antoniou,0.1111111111111111
Amos Storkey,0.1111111111111111
Harrison Edwards,0.1111111111111111
Jianmin Bao,0.04
Houqiang Li,0.04
Gang Hua,0.04
Fatih Erden,0.0625
E Birey Soyer,0.0625
B Ugur Toreyin,0.0625
A Enis Cetin,0.0625
Ihsan Inac,0.02040816326530612
Osman Gunay,0.02040816326530612
Kivanc Kose,0.02040816326530612
Jean Gotman,1.0
Author1,0.1111111111111111
Author2,0.1111111111111111
Author3,0.1111111111111111
Matthew Berger,0.015625
Andrea Tagliasacchi,0.015625
Lee M. Seversky,0.015625
Pierre Alliez,0.015625
Gaël Guennebaud,0.015625
Joshua A. Levine,0.015625
Andrei Sharf,0.015625
Anne-Laure Chauve,0.1111111111111111
Patrick Labatut,0.1111111111111111
Jean-Philippe Pons,0.1111111111111111
Florent Lafarge,0.25
Aleksandar Botev,0.1111111111111111
Hippolyt Ritter,0.1111111111111111
David Barber,0.1111111111111111
Roger Grosse,0.1111111111111111
James Martens,0.1111111111111111
Chris Bishop,1.0
Christoph Lassner,0.027777777777777776
Peter V. Gehler,0.027777777777777776
Kaiwen Guo,0.027777777777777776
Feng Xu,0.027777777777777776
Tao Yu,0.027777777777777776
Xiaoyang Liu,0.027777777777777776
Qionghai Dai,0.027777777777777776
Yebin Liu,0.027777777777777776
David W. Jacobs,0.0625
Ian Endres,0.0625
Derek Hoiem,0.0625
David Forsyth,0.0625
Ankan Bansal,0.04
Karan Sikka,0.04
Gaurav Sharma,0.04
Rama Chel-lappa,0.04
Ajay Divakaran,0.04
Gregory Castanon,0.0625
Mohamed Elgharib,0.0625
Venkatesh Saligrama,0.0625
Pierre-Marc Jodoin,0.0625
Wei-Lun Chao,0.0625
Soravit Changpinyo,0.0625
Boqing Gong,0.0625
Fei Sha,0.0625
Long Chen,0.04
Hanwang Zhang,0.04
Jun Xiao,0.04
Wei Liu,0.04
Shih- Fu Chang,0.04
Carl Doersch,0.04
Saurabh Singh,0.04
Abhinav Gupta 0001,0.04
Xun Huang,0.0625
Ming-Yu Liu,0.0625
Jan Kautz,0.0625
Guilin Liu,0.027777777777777776
Fitsum A Reda,0.027777777777777776
Kevin J Shih,0.027777777777777776
Ting-Chun Wang,0.027777777777777776
Andrew Tao,0.027777777777777776
Bryan Catanzaro,0.027777777777777776
Deepak Pathak,0.04
Philipp Krahenbuhl,0.04
Jeff Donahue,0.04
Yarin Gal,0.25
Zoubin Ghahramani,0.25
Joshua Batson,0.25
Loic Royer,0.25
Chenglong Bao,0.0625
Hui Ji,0.0625
Yuhui Quan,0.0625
Zuowei Shen,0.0625
Dheeru Dua,0.25
Casey Graff,0.25
Jerome Friedman,0.1111111111111111
Trevor Hastie,0.1111111111111111
Robert Tibshirani,0.1111111111111111
Matteo Lisotto,0.1111111111111111
Pasquale Coscia,0.1111111111111111
Lamberto Ballan,0.1111111111111111
Katerina Fragkiadaki,0.0625
Pulkit Agrawal,0.0625
Sergey Levine,0.0625
Chelsea Finn,0.1111111111111111
Pieter Abbeel,0.1111111111111111
Weihua Chen,0.0625
Xiaotang Chen,0.0625
Jianguo Zhang,0.0625
Kaiqi Huang,0.0625
Zhengming Ding,0.04
Kunpeng Li,0.04
Yulun Zhang,0.04
Mingkun Yang,0.027777777777777776
Tengteng Huang,0.027777777777777776
Zhiyong Dou,0.027777777777777776
Rui Yu,0.027777777777777776
Yongchao Xu,0.027777777777777776
Samuel Rota Bul `o,0.1111111111111111
Lorenzo Porzi,0.1111111111111111
Peter Kontschieder,0.1111111111111111
Tianlong Chen,0.015625
Shaojin Ding,0.015625
Jingyi Xie,0.015625
Ye Yuan,0.015625
Wuyang Chen,0.015625
Yang Yang,0.015625
Zhou Ren,0.015625
Zhangyang Wang,0.015625
Olga Russakovsky,0.1111111111111111
Jia Deng 0001,0.1111111111111111
Jonathan Krause,0.1111111111111111
Sanjeev Satheesh,0.1111111111111111
Sean Ma,0.1111111111111111
Zhiheng Huang,0.1111111111111111
Michael S. Bernstein,0.1111111111111111
Alexander C. Berg,0.1111111111111111
Tao Sheng,0.25
Chen Feng,0.25
Tianqi Chen,0.1111111111111111
Yutian Li,0.1111111111111111
Felix Hieber,0.25
Tobias Domhan,0.25
Alex Krizhevsky,0.25
Shaohui Lin,0.015625
Chenqian Yan,0.015625
Baochang Zhang,0.015625
Liujuan Cao,0.015625
Qixiang Ye,0.015625
Feiyue Huang,0.015625
David Doer- mann,0.015625
Dmitry Molchanov,0.1111111111111111
Arsenii Ashukha,0.1111111111111111
Dmitry Vetrov,0.1111111111111111
Kirill Neklyudov,0.0625
Dmitry P Vetrov,0.0625
Jia-Xing Zhao,0.027777777777777776
Jiang-Jiang Liu,0.027777777777777776
Deng-Ping Fan,0.027777777777777776
Yang Cao,0.027777777777777776
Jufeng Yang,0.027777777777777776
Sheila Hemami,0.0625
Francisco Estrada,0.0625
Sabine S ¨usstrunk,0.0625
Qi Wu,0.012345679012345678
Jake Bruce,0.012345679012345678
Niko S ¨underhauf,0.012345679012345678
Anton van den Hengel,0.012345679012345678
Paul Upchurch,0.0625
Maxim Berman,0.1111111111111111
Amal Rannen Triki,0.1111111111111111
Matthew B Blaschko,0.1111111111111111
Aditya Chattopadhay,0.0625
Anirban Sarkar,0.0625
Prantik Howlader,0.0625
Vineeth N Balasubramanian,0.0625
Kevin Murphy 0002,0.04
Alan L. Yuille,0.04
Yukun Zhu,0.04
Florian Schroff,0.04
Junsuk Choe,0.25
Hyunjung Shim,0.25
Nityananda Jayadevaprakash,0.0625
Bangpeng Yao,0.0625
Sungsoo Ahn,0.04
Shell Xu Hu,0.04
Andreas Damianou,0.04
Neil D Lawrence,0.04
Zhenwen Dai,0.04
Ouais Alsharif,0.1111111111111111
Doina Precup,0.1111111111111111
Christopher Bishop,1.0
Olaf Ronneberger,0.1111111111111111
Xiaolong Wang,0.25
Abhinav Gupta,0.25
Robert M French,1.0
Yin Cui,0.04
Menglin Jia,0.04
Yang Song,0.04
David Lopez-Paz,0.25
Klaas Kelchtermans,0.1111111111111111
Sylvestre-Alvise Rebufﬁ,0.0625
Alexander Kolesnikov,0.0625
Georg Sperl,0.0625
Michael M Bronstein,0.04
Mario Botsch,0.25
Leif Kobbelt,0.25
Michael M. Bronstein,0.04
Joan Bruna,0.04
Arthur Szlam,0.04
Pierre Vandergheynst,0.04
George B Moody,0.25
Roger G Mark,0.25
Lena Biel,0.0625
Ola Pettersson,0.0625
Lennart Philipson,0.0625
Peter Wide,0.0625
Carlos Carreiras,0.04
Andr é Lourenc o,0.04
Hugo Silva,0.04
Ana Fred,0.04
Rui Ferreira,0.04
Ying Chen,0.25
Wenxi Chen,0.25
Ji Zhu 0002,0.027777777777777776
Hua Yang 0001,0.027777777777777776
Nian Liu,0.027777777777777776
Minyoung Kim,0.027777777777777776
Wenjun Zhang 0001,0.027777777777777776
Ming-Hsuan Yang 0001,0.027777777777777776
Mykhaylo Andriluka,0.02040816326530612
Umar Iqbal 0001,0.02040816326530612
Eldar Insafutdinov,0.02040816326530612
Leonid Pishchulin,0.02040816326530612
Anton Milan,0.02040816326530612
Lipeng Ke,0.0625
Ming-Ching Chang,0.0625
Siwei Lyu,0.0625
Keni Bernardin,0.25
Rainer Stiefelhagen,0.25
Paolo De Leva,1.0
Gedas Bertasius,0.04
Christoph Feichtenhofer,0.04
Jianbo Shi,0.04
Diederik P. Kingma,0.25
Codruta O. Ancuti,0.0625
Cosmin Ancuti,0.0625
Christophe De Vleeschouwer,0.0625
Martin de La Gorce,0.1111111111111111
Renaud Marlet,0.1111111111111111
Tomoya Kaichi,0.02040816326530612
Shohei Mori,0.02040816326530612
Hideo Saito,0.02040816326530612
Kosuke Takahashi,0.02040816326530612
Dan Mikami,0.02040816326530612
Mariko Isogawa,0.02040816326530612
Hideaki Kimata,0.02040816326530612
Alparslan Yildiz,0.25
Yusuf Sinan Akgul,0.25
Gines Hidalgo,0.04
Hao-Shu Fang,0.0625
Shuqin Xie,0.0625
Cewu Lu,0.0625
Greg Brockman,0.02040816326530612
Vicki Cheung,0.02040816326530612
Ludwig Pettersson,0.02040816326530612
Jonas Schneider,0.02040816326530612
John Schulman,0.02040816326530612
Jie Tang,0.02040816326530612
Wojciech Zaremba,0.02040816326530612
Simon Brodeur,0.012345679012345678
Ethan Perez,0.012345679012345678
Ankesh Anand,0.012345679012345678
Florian Golemo,0.012345679012345678
Luca Celotti,0.012345679012345678
Florian Strub,0.012345679012345678
Jean Rouat,0.012345679012345678
Hugo Larochelle,0.012345679012345678
Niko S underhauf,0.012345679012345678
Berk Calli,0.015625
Arjun Singh,0.015625
James Bruce,0.015625
Aaron Walsman,0.015625
Kurt Konolige,0.015625
Siddhartha Srinivasa,0.015625
Aaron M Dollar,0.015625
Alexandre Campeau-Lecours,0.015625
Hugo Lamontagne,0.015625
Simon Latour,0.015625
Philippe Fauteux,0.015625
V éronique Maheu,0.015625
Franc ôis Boucher,0.015625
Charles Deguire,0.015625
Louis-Joseph Caron L’Ecuyer,0.015625
Saurabh Gupta,0.25
Tanmay Gupta,0.1111111111111111
Alexander Schwing,0.1111111111111111
Yu-Wei Chao,0.04
Yunfan Liu,0.04
Xieyang Liu,0.04
Huayi Zeng,0.04
SM Ali Eslami,0.027777777777777776
Nicolas Heess,0.027777777777777776
Theophane Weber,0.027777777777777776
Yuval Tassa,0.027777777777777776
David Szepesvari,0.027777777777777776
Geoffrey E Hinton,0.027777777777777776
Haoqi Fan,0.25
Jiatong Zhou,0.25
Georgy Tyukin,0.00510204081632653
Gbètondji J.-S. Dovonon,0.00510204081632653
Jean Kaddour,0.00510204081632653
Pasquale Minervini,0.00510204081632653
"Ronneberger, Olaf",0.1111111111111111
"Fischer, Philipp",0.1111111111111111
"Brox, Thomas",0.1111111111111111
Zongwei Zhou,0.0625
Md Mahfuzur Rahman Siddiquee,0.0625
Nima Tajbakhsh,0.0625
Jianming Liang,0.0625
Felix A. Gers,0.1111111111111111
Jürgen Schmidhuber,0.1111111111111111
Fred A. Cummins,0.1111111111111111
David Eigen,0.25
Rob Fergus,0.25
David E Rumelhart,0.1111111111111111
Ronald J Williams,0.1111111111111111
Markus Achtelik,0.04
Abraham Bachrach,0.04
Ruijie He,0.04
Samuel Prentice,0.04
Nicholas Roy,0.04
Irwan Bello,0.04
Barret Zoph,0.04
Ashish Vaswani,0.04
Jonathon Shlens,0.04
Brian L. Davis,0.04
Bryan S. Morse,0.04
Scott Cohen,0.04
Brian L. Price,0.04
Chris Tensmeyer,0.04
Jingyu Li,0.0625
Zhendong Mao 0001,0.0625
Weidong Chen 0013,0.0625
Yongdong Zhang 0001,0.0625
Richard Zanibbi,0.25
Awelemdy Orakwue,0.25
Lei Hu,0.25
Andreas Baak,0.04
Meinard M ¨uller,0.04
Gaurav Bharaj,0.04
Hans-Peter Seidel,0.04
Christian Theobalt,0.04
Fabian Isensee,0.04
Jens Petersen,0.04
Simon A. A. Kohl,0.04
Paul F. Jäger,0.04
Klaus H. Maier-Hein,0.04
Jonathan Long,0.1111111111111111
Evan Shelhamer,0.1111111111111111
Mathias Perslev,0.0625
Erik Bjørnager Dam,0.0625
Akshay Pai,0.0625
Christian Igel,0.0625
Raanana Fattal,1.0
Raanan Fattal,1.0
Dana Berman,0.1111111111111111
Tali Treibitz,0.1111111111111111
Shai Avidan,0.1111111111111111
Robby T Tan,1.0
Yuanqiang Cai,0.02040816326530612
Dawei Du,0.02040816326530612
Libo Zhang 0001,0.02040816326530612
Longyin Wen,0.02040816326530612
Weiqiang Wang 0001,0.02040816326530612
Yanjun Wu,0.02040816326530612
Chunshui Cao,0.006944444444444444
Xianming Liu,0.006944444444444444
Yi Yang 0007,0.006944444444444444
Yinan Yu,0.006944444444444444
Jiang Wang 0001,0.006944444444444444
Zilei Wang,0.006944444444444444
Yongzhen Huang,0.006944444444444444
Liang Wang 0001,0.006944444444444444
Chang Huang,0.006944444444444444
Wei Xu 0017,0.006944444444444444
Thomas S. Huang,0.006944444444444444
Shi-tao Chen,0.04
Songyi Zhang,0.04
Jinghao Shang,0.04
Badong Chen,0.04
Nanning Zheng 0001,0.04
Nicolas Courty,0.0625
R´emi Flamary,0.0625
Devis Tuia,0.0625
Alain Rako-tomamonjy,0.0625
L 'eon Bottou,0.1111111111111111
Shai Ben-David,0.0625
John Blitzer,0.0625
Koby Crammer,0.0625
Fernando Pereira,0.0625
Bharath Bhushan Damodaran,0.04
Benjamin Kellenberger,0.04
R ´emi Flamary,0.04
Andrew Howard 0002,0.006944444444444444
Ruoming Pang,0.006944444444444444
Quoc V. Le,0.006944444444444444
Mark Sandler 0002,0.006944444444444444
Weijun Wang,0.006944444444444444
Mingxing Tan,0.006944444444444444
Grace Chu,0.006944444444444444
Vijay Vasudevan,0.006944444444444444
Yuxiang Zhou,0.027777777777777776
Jinke Yu,0.027777777777777776
Irene Kot-sia,0.027777777777777776
Tadas Baltru ˇsaitis,0.0625
Amir Zadeh,0.0625
Yao Chong Lim,0.0625
Louis- Philippe Morency,0.0625
Hamdi Dibeklioglu,0.1111111111111111
Albert Ali Salah,0.1111111111111111
Theo Gevers,0.1111111111111111
Jeffrey F Cohn,0.1111111111111111
Zara Ambadar,0.1111111111111111
Paul Ekman,0.1111111111111111
Jeffrey Cohn,0.027777777777777776
Lawrence Reed,0.027777777777777776
Tsuyoshi Moriyama,0.027777777777777776
Jing Xiao,0.027777777777777776
Karen Schmidt,0.027777777777777776
Richard I Hartley,1.0
Hyowon Ha,0.027777777777777776
Gyeongmin Choe,0.027777777777777776
Kyungdon Joo,0.027777777777777776
Richard Hartley,0.25
Tianyu Gao,0.04
Yanqing Guo,0.04
Xin Zheng,0.04
Qianyu Wang,0.04
Xiangyang Luo,0.04
Xi Cheng,0.1111111111111111
Zhenyong Fu,0.1111111111111111
Jian Yang,0.1111111111111111
Yubin Deng,0.0625
Gabriel Eilertsen,0.04
Joel Kronander,0.04
Gyorgy Denes,0.04
Rafał K Mantiuk,0.04
Jonas Unger,0.04
Barak Oshri,0.012345679012345678
Annie Hu,0.012345679012345678
Peter Adelson,0.012345679012345678
Xiao Chen,0.012345679012345678
Pascale Dupas,0.012345679012345678
Jeremy Weinstein,0.012345679012345678
Marshall Burke,0.012345679012345678
David Lobell,0.012345679012345678
Stefano Ermon,0.012345679012345678
D Tanr 'e,0.02040816326530612
C Deroo,0.02040816326530612
P Duhaut,0.02040816326530612
M Herman,0.02040816326530612
JJ Morcrette,0.02040816326530612
J Per-bos,0.02040816326530612
PY Deschamps,0.02040816326530612
A Bannari,0.0625
D Morin,0.0625
F Bonn,0.0625
AR Huete,0.0625
Jiamin Ren,0.04
Zhanglin Peng,0.04
Ruimao Zhang,0.04
Xingang Pan,0.0625
Hang Zhao,0.027777777777777776
Xavier Puig,0.027777777777777776
Sanja Fidler,0.027777777777777776
Adela Barriuso,0.027777777777777776
Mang Tik Chiu,0.01
Xingqian Xu,0.01
Yunchao Wei,0.01
Zilong Huang,0.01
Robert Brunner,0.01
Hrant Khachatrian,0.01
Hovnatan Karapetyan,0.01
Ivan Dozier,0.01
Greg Rose,0.01
Changmao Cheng,0.02040816326530612
Yanwei Fu,0.02040816326530612
Yu-Gang Jiang,0.02040816326530612
Wenlian Lu,0.02040816326530612
Jianfeng Feng,0.02040816326530612
Xiangyang Xue,0.02040816326530612
Liang Du,0.015625
Jingang Tan,0.015625
Hongye Yang,0.015625
Xianyong Xue,0.015625
Qibao Zheng,0.015625
Xiaoqing Ye,0.015625
Xiaolin Zhang,0.015625
Manzar Ashtari,1.0
Liang Liao,0.0625
Ruimin Hu,0.0625
Zhongyuan Wang,0.0625
Coloma Ballester,0.04
Marcelo Bertalmio,0.04
Vicent Caselles,0.04
Guillermo Sapiro,0.04
Joan Verdera,0.04
Connelly Barnes,0.0625
Adam Finkelstein,0.0625
Dan B Goldman,0.0625
Vincent Caselles,0.0625
Peter Burt,0.25
Edward Adelson,0.25
Zihao Liu,0.01
Xiaowei Xu,0.01
Tao Liu,0.01
Qi Liu,0.01
Yanzhi Wang,0.01
Yiyu Shi,0.01
Wujie Wen,0.01
Meiping Huang,0.01
Haiyun Yuan,0.01
Jian Zhuang,0.01
Bowen Zhang,0.04
Limin Wang,0.04
Zhe Wang,0.04
Hanli Wang,0.04
Appu Shaji,0.027777777777777776
Kevin Smith,0.027777777777777776
Aurelien Lucchi,0.027777777777777776
Pascal Fua,0.027777777777777776
Sabine Süsstrunk,0.027777777777777776
Eirikur Agustsson,0.02040816326530612
Fabian Mentzer,0.02040816326530612
Michael Tschannen,0.02040816326530612
Lukas Cavigelli,0.02040816326530612
Luca Benini,0.02040816326530612
Luc V Gool,0.02040816326530612
Christopher B. Choy,0.04
Danfei Xu,0.04
JunYoung Gwak,0.04
Kevin Chen 0001,0.04
Andrew J. Davison,0.04
Sungjoon Choi,0.0625
Qian-Yi Zhou,0.0625
Stephen Miller,0.0625
Hongyun Cai,0.1111111111111111
Vincent W Zheng,0.1111111111111111
Kevin Chen-Chuan Chang,0.1111111111111111
Marek Chrobak,0.25
Thomas H Payne,0.25
Binh-Son Hua,0.1111111111111111
Minh-Khoi Tran,0.1111111111111111
Sai-Kit Yeung,0.1111111111111111
Nan Jiang,0.027777777777777776
Yifei Zhang 0005,0.027777777777777776
Dezhao Luo,0.027777777777777776
Chang Liu 0042,0.027777777777777776
Yu Zhou 0015,0.027777777777777776
Zhenjun Han,0.027777777777777776
Xiangyu Zhang 0005,0.0625
Jian Sun 0001,0.0625
Unknown,1.0
Martin Weinmann,0.1111111111111111
Boris Jutzi,0.1111111111111111
Cl ´ement Mallet,0.1111111111111111
Mei Chen,0.1111111111111111
Xu Zhang,0.1111111111111111
Eric R Green,0.1111111111111111
S Daneshtalab,0.1111111111111111
H Rastiveis,0.1111111111111111
B Hosseiny,0.1111111111111111
Uwe Helmke,0.0625
Knuth Huper,0.0625
Pei Yean Lee,0.0625
John Moore,0.0625
Lieven Vandenberghe,0.25
Kurt Anstreicher,0.25
Henry Wolkowicz,0.25
Martin Mevissen,0.25
Masakazu Kojima,0.25
Petra Bevandi ´c,0.0625
Ivan Kre ˇso,0.0625
Marin Or ˇsi´c,0.0625
Sini ˇsaˇSegvi ´c,0.0625
Hakan Bilen,0.25
Andrea Vedaldi,0.25
Yanyun Qu,0.0625
Yizi Chen,0.0625
Jingying Huang,0.0625
Yuan Xie,0.0625
Amir Atapour-Abarghouei,0.25
Toby P Breckon,0.25
Konstantinos Bousmalis,0.04
Nathan Silberman,0.04
David Dohan,0.04
Dumitru Erhan,0.04
Dilip Krishnan,0.04
Bolun Cai,0.04
Xiangmin Xu,0.04
Kui Jia,0.04
Qing Chunmei,0.04
P Fernández Alcantarilla,1.0
Pablo F Alcantarilla,0.0625
Jos ´e J Yebes,0.0625
Javier Almaz ´an,0.0625
Luis M Bergasa,0.0625
G Jogesh Babu,0.25
Calyampudi R Rao,0.25
Jose-Luis Blanco,1.0
Liang-Yan Gui,0.0625
Yu-Xiong Wang,0.0625
Xiaodan Liang,0.0625
José M. F. Moura,0.0625
Partha Ghosh,0.04
Mehdi S. M. Sajjadi,0.04
Antonio Vergari,0.04
Bernhard Schölkopf,0.04
Ilya Tolstikhin,0.0625
Olivier Bousquet,0.0625
Sylvain Gelly,0.0625
Bern- hard Scholkopf,0.0625
Ilya Sutskever,0.1111111111111111
Volodymyr Mnih,0.02040816326530612
Koray Kavukcuoglu,0.02040816326530612
David Silver,0.02040816326530612
Alex Graves,0.02040816326530612
Ioannis Antonoglou,0.02040816326530612
Daan Wierstra,0.02040816326530612
Yuhang Song,0.04
Jianyi Wang,0.04
Thomas Lukasiewicz,0.04
Zhenghua Xu,0.04
Mai Xu,0.04
Pierre-Luc Bacon,0.1111111111111111
Jean Harb,0.1111111111111111
Jing Fang,0.04
Xin Tao,0.04
Zhi Tang,0.04
Ruiheng Qiu,0.04
Ying Liu,0.04
Azka Gilani,0.0625
Shah Rukh Qasim,0.0625
Imran Malik,0.0625
Faisal Shafait,0.0625
Max G ¨obel,0.0625
Tamir Hassan,0.0625
Ermelinda Oro,0.0625
Giorgio Orsi,0.0625
Zhenwei He,0.25
Mehran Khodabandeh,0.0625
Arash Vahdat,0.0625
Mani Ranjbar,0.0625
William G Macready,0.0625
Guansong Lu,0.027777777777777776
Xiaolin Fang,0.027777777777777776
Jianwen Xie,0.027777777777777776
Lubor Ladicky,0.1111111111111111
Yihang Bo,0.25
Zi Jian Xu,0.0625
Zi Qiang Liu,0.0625
Song Chun Zhu,0.0625
Da-Wei Zhou 0001,0.25
Yuanhan Zhang,0.25
Yan Wang,0.25
Jingyi Ning,0.25
Han-Jia Ye,0.25
De-Chuan Zhan,0.25
Ziwei Liu 0002,0.25
Punarjay Chakravarty,0.1111111111111111
Adrian Popescu 0001,0.25
John Bromley,0.04
Ian Guyon,0.04
Yves LeCun,0.04
Eckhard Sackinger,0.04
Rajesh Shah,0.04
Yuezun Li,0.1111111111111111
Paolo Bestagini,0.02040816326530612
Marco Fontani,0.02040816326530612
Simone Milani,0.02040816326530612
Mauro Barni,0.02040816326530612
Alessandro Piva,0.02040816326530612
Marco Tagliasacchi,0.02040816326530612
Stefano Tubaro,0.02040816326530612
Christian Ledig,0.008264462809917356
Lucas Theis,0.008264462809917356
Ferenc Huszar,0.008264462809917356
Jose Caballero,0.008264462809917356
Andrew Cunningham,0.008264462809917356
Alejandro Acosta,0.008264462809917356
Andrew P. Aitken,0.008264462809917356
Alykhan Tejani,0.008264462809917356
Johannes Totz,0.008264462809917356
Zehan Wang,0.008264462809917356
Wenzhe Shi,0.008264462809917356
Hannan Lu,0.0625
Chao Dong 0005,0.0625
Kai Zhang 0008,0.1111111111111111
Lei Zhang 0006,0.1111111111111111
Honggang Chen,0.0625
Xiaohai He,0.0625
Chao Ren 0002,0.0625
Linbo Qing,0.0625
Qizhi Teng,0.0625
Daniel Barath,0.1111111111111111
Jiri Matas,0.1111111111111111
Levente Hajder,0.1111111111111111
Gilles Simon,0.1111111111111111
Antoine Fond,0.1111111111111111
Marie-Odile Berger,0.1111111111111111
Eric Brachmann,0.25
Carsten Rother,0.25
Hossam Isack,0.25
Yuri Boykov,0.25
Ondrej Chum,0.25
Daan de Geus,0.1111111111111111
Panagiotis Meletis,0.1111111111111111
Gijs Dubbelman,0.1111111111111111
Naiyu Gao,0.02040816326530612
Yanhu Shan,0.02040816326530612
Yupei Wang,0.02040816326530612
Xin Zhao,0.02040816326530612
Ming Yang,0.02040816326530612
Renjie Liao,0.02040816326530612
Hengshuang Zhao,0.02040816326530612
Rui Hu,0.02040816326530612
Min Bai,0.02040816326530612
Ersin Yumer,0.02040816326530612
Alexander Kirillov,0.0625
Jan Kotera,0.25
Filip ˇSroubek,0.25
Michal Jancosek,0.25
Meiguang Jin,1.0
Emily Denton,0.25
Ruben Villegas,0.04
Jimei Yang,0.04
Seunghoon Hong,0.04
Xunyu Lin,0.04
Milad Alemohammad,0.0625
Jasper R Stroud,0.0625
Bryan T Bosworth,0.0625
Mark A Foster,0.0625
Mohammad Babaeizadeh,0.04
Roy H Campbell,0.04
Emily L Denton,0.04
Yann Le- Cun,0.04
Axel Pinz,0.1111111111111111
Kensho Hara,0.1111111111111111
Hirokatsu Kataoka,0.1111111111111111
Yutaka Satoh,0.1111111111111111
Asim Kadav,0.04
Igor Durdanovic,0.04
Hanan Samet,0.04
Hans Peter Graf,0.04
Yuxin Zhang,0.02040816326530612
Huan Wang,0.02040816326530612
Yang Luo,0.02040816326530612
Lu Yu,0.02040816326530612
Haoji Hu,0.02040816326530612
Hangguan Shan,0.02040816326530612
Tony QS Quek,0.02040816326530612
Wenbo Bao,0.027777777777777776
Wei-Sheng Lai,0.027777777777777776
Chao Ma,0.027777777777777776
Xiaoyun Zhang,0.027777777777777776
Zhiyong Gao,0.027777777777777776
Ming-Hsuan Yang,0.027777777777777776
Daniel Scharstein,0.027777777777777776
J. P. Lewis 0001,0.027777777777777776
Stefan Roth 0001,0.027777777777777776
Richard Szeliski,0.027777777777777776
Philip H¨ausser,0.012345679012345678
Caner Hazirbas,0.012345679012345678
Vladimir Golkov,0.012345679012345678
Patrick van der Smagt,0.012345679012345678
William Donnelly,1.0
Wenzel Jakob,1.0
Anat Levin,0.25
Yair Weiss,0.25
Yangyan Li,0.0625
Ali Mollahosseini,0.1111111111111111
Behzad Hasani,0.1111111111111111
Sanjeev Arora,0.1111111111111111
Yingyu Liang,0.1111111111111111
Tengyu Ma,0.1111111111111111
Pooyan Balouchian,0.1111111111111111
Marjaneh Safaei,0.1111111111111111
Hassan Foroosh,0.1111111111111111
Ian J Goodfellow,0.1111111111111111
Nicolas Papernot,0.027777777777777776
Patrick McDaniel,0.027777777777777776
Somesh Jha,0.027777777777777776
Z Berkay Celik,0.027777777777777776
Ananthram Swami,0.027777777777777776
Xi Wu,0.04
Warren He,0.04
James Wei,0.04
Xinyun Chen,0.04
Nicholas Carlini,0.04
Dawn Song,0.04
Yashas Annadani,0.25
Soma Biswas,0.25
Richard H. Bartels,0.25
G. W. Stewart,0.25
Bernardino Romera-Paredes,0.25
Philip Torr,0.25
Xiaojun Chang,0.04
Yi Yang,0.04
Alexander Hauptmann,0.04
Eric P Xing,0.04
Yao-Liang Yu,0.04
Zhenfang Chen,0.0625
Lin Ma,0.0625
Wenhan Luo,0.0625
Kwan-Yee Ken-neth Wong,0.0625
Jeffrey Dalton,0.1111111111111111
James Allan,0.1111111111111111
Pranav Mirajkar,0.1111111111111111
Jianfeng Dong,0.1111111111111111
Xirong Li,0.1111111111111111
Mengqi Ji,0.04
Haitian Zheng,0.04
Lu Fang,0.04
Xinzhu Ma,0.04
Zhihui Wang,0.04
Haojie Li,0.04
Pengbo Zhang,0.04
Po-Han Huang,0.04
Kevin Matzen,0.04
Johannes Kopf,0.04
Narendra Ahuja,0.04
Jeff Pool,0.0625
John Tran,0.0625
William J Dally,0.0625
Cristian Bucilu ˇa,0.1111111111111111
Alexandru Niculescu- Mizil,0.1111111111111111
Dongdong Chen,0.04
Jing Liao,0.04
Nenghai Yu,0.04
Tian Qi Chen,0.25
Mark Schmidt,0.25
Junfeng Fan,0.25
Frederik Vercauteren,0.25
Qing Lu,0.04
Weiwen Jiang,0.04
Jingtong Hu,0.04
Zhenyu Wu,0.0625
Zhaowen Wang,0.0625
Jeong Joon Park,0.04
Peter Florence,0.04
Julian Straub,0.04
Richard Newcombe,0.04
Steven Lovegrove,0.04
Byong An,0.1111111111111111
Bruce Schachter,0.1111111111111111
Xing Zhang,0.027777777777777776
Yuhan Mei,0.027777777777777776
Na Ye,0.027777777777777776
Xia Ling Lin,0.027777777777777776
Genqing Bian,0.027777777777777776
Qingsen Yan,0.027777777777777776
Ghulam Mohiuddin,0.027777777777777776
Chen Ai,0.027777777777777776
Zhou Li,0.027777777777777776
Roeland De Geest,0.25
Yijun Cai,0.0625
Haoxin Li,0.0625
Jianfang Hu,0.0625
Wei-Shi Zheng 0001,0.0625
Jiechuan Jiang,0.1111111111111111
Chen Dun,0.1111111111111111
Zongqing Lu,0.1111111111111111
Dzmitry Bahdanau,0.1111111111111111
KyungHyun Cho,0.1111111111111111
Peter Battaglia,0.0625
Razvan Pascanu,0.0625
Matthew Lai,0.0625
Danilo Jimenez Rezende,0.0625
Jianpeng Cheng,0.1111111111111111
Li Dong,0.1111111111111111
Mirella Lapata,0.1111111111111111
Ignas Budvytis,0.1111111111111111
Sergi Caelles,0.027777777777777776
Kevis-Kokitsi Maninis,0.027777777777777776
Jordi Pont-Tuset,0.027777777777777776
Laura Leal-Taix ´e,0.027777777777777776
Anton Andriyenko,0.1111111111111111
Konrad Schindler,0.1111111111111111
S Avinash Ramakanth,0.25
R Venkatesh Babu,0.25
Fadel Adib,0.0625
Zach Kabelac,0.0625
Dina Katabi,0.0625
Robert C Miller,0.0625
Hongzi Mao,0.04
Zachary Kabelac,0.04
Ejaz Ahmed,0.1111111111111111
Michael Jones,0.1111111111111111
Tim K Marks,0.1111111111111111
Petr Beckmann,0.25
Andre Spizzichino,0.25
Peter Hedman,0.027777777777777776
Julien Philip,0.027777777777777776
True Price,0.027777777777777776
Jan-Michael Frahm,0.027777777777777776
George Drettakis,0.027777777777777776
Gabriel Brostow,0.027777777777777776
tunabrain,1.0
Kara-Ali Aliev,0.1111111111111111
Dmitry Ulyanov,0.1111111111111111
Victor Lempit-sky,0.1111111111111111
Dejan Azinovic,0.0625
Tzu-Mao Li,0.0625
Anton Kaplanyan,0.0625
Helmut Grabner,0.1111111111111111
Dima Damen,0.01
Hazel Doughty,0.01
Giovanni Maria Farinella,0.01
Antonino Furnari,0.01
Evangelos Kazakos,0.01
Davide Moltisanti,0.01
Jonathan Munro,0.01
Toby Perrett,0.01
Will Price,0.01
Michael Wray,0.01
Teesid Leelasawassuk,0.1111111111111111
Walterio W. Mayol-Cuevas,0.1111111111111111
Zequn Jie,0.04
Xiaojie Jin,0.04
Jiashi Feng,0.04
Xiaopeng Zhang,0.0625
Hongkai Xiong,0.0625
Zhaoyang Zeng,0.04
Bei Liu,0.04
Jianlong Fu,0.04
Hongyang Chao,0.04
Fanyi Xiao,0.25
Yong Jae Lee,0.25
Jonathan T. Barron,0.04
Ferran Marqués,0.04
